{"ece": 0.1845872700214386, "mce": 0.5927708148956299, "rmsce": 0.21445032954216003, "bin_accs": [0.0, 0.0, 0.0, 0.17931035161018372, 0.17164179682731628, 0.20317146182060242, 0.2797427773475647, 0.3498871326446533, 0.359413206577301, 0.44534412026405334, 0.5029940009117126, 0.6602563858032227, 0.7010869383811951, 0.6265060305595398, 0.3737373650074005], "bin_confs": [0.0, 0.0, 0.0, 0.25047606229782104, 0.3043610453605652, 0.36337560415267944, 0.4312058687210083, 0.49967160820961, 0.5639734268188477, 0.6286645531654358, 0.6979181170463562, 0.7702686190605164, 0.8365902304649353, 0.9015529751777649, 0.966508150100708], "bin_sizes": [0.0, 0.0, 0.0, 0.028999999165534973, 0.21439999341964722, 0.20180000364780426, 0.12439999729394913, 0.08860000222921371, 0.08179999887943268, 0.049400001764297485, 0.033399999141693115, 0.031199999153614044, 0.03680000081658363, 0.049800001084804535, 0.05939999967813492]}