{"ece": 0.7127570509910583, "mce": 0.8601982593536377, "rmsce": 0.7185590267181396, "bin_accs": [0.0, 0.0, 0.0, 0.0, 0.0, 0.0, 0.125, 0.15789473056793213, 0.07058823853731155, 0.117903932929039, 0.10486891120672226, 0.08739650249481201, 0.11518324911594391, 0.11636045575141907, 0.10071942210197449], "bin_confs": [0.0, 0.0, 0.0, 0.21109123528003693, 0.0, 0.38806357979774475, 0.434536874294281, 0.5131377577781677, 0.5732814073562622, 0.6398602724075317, 0.7028746604919434, 0.769335925579071, 0.8343144059181213, 0.8961957097053528, 0.9609176516532898], "bin_sizes": [0.0, 0.0, 0.0, 0.00019999999494757503, 0.0, 0.00019999999494757503, 0.0015999999595806003, 0.003800000064074993, 0.017000000923871994, 0.04580000042915344, 0.10679999738931656, 0.21739999949932098, 0.26739999651908875, 0.22859999537467957, 0.1111999973654747]}