{"auprc": 0.6330018043518066, "fpr0": 0.0, "fpr10": 0.010599999688565731, "fpr20": 0.044599998742341995, "fpr30": 0.07919999957084656, "fpr40": 0.1151999980211258, "fpr50": 0.1526000052690506, "fpr60": 0.19779999554157257, "fpr70": 0.25099998712539673, "fpr80": "none", "fpr90": "none", "auroc": 0.56561279296875}