{"auprc": 0.7167919874191284, "fpr0": 0.0, "fpr10": 0.020999999716877937, "fpr20": 0.0406000018119812, "fpr30": 0.06340000033378601, "fpr40": 0.09120000153779984, "fpr50": 0.11819999665021896, "fpr60": 0.14839999377727509, "fpr70": 0.18199999630451202, "fpr80": 0.21940000355243683, "fpr90": 0.2639999985694885, "auroc": 0.7444557547569275}