{"auprc": 0.9134131669998169, "fpr0": 0.0, "fpr10": 0.003599999938160181, "fpr20": 0.007199999876320362, "fpr30": 0.01119999960064888, "fpr40": 0.01600000075995922, "fpr50": 0.02280000038444996, "fpr60": 0.03400000184774399, "fpr70": 0.050999999046325684, "fpr80": 0.07159999758005142, "fpr90": 0.10540000349283218, "auroc": 0.9208123087882996}