{"auprc": 0.572251558303833, "fpr0": 0.0, "fpr10": 0.057999998331069946, "fpr20": 0.11020000278949738, "fpr30": 0.13539999723434448, "fpr40": 0.1648000031709671, "fpr50": 0.20020000636577606, "fpr60": 0.23739999532699585, "fpr70": 0.2736000120639801, "fpr80": 0.3147999942302704, "fpr90": 0.3562000095844269, "auroc": 0.6088168025016785}