{"value": {"bins": [3.6841964721679688, 7.9379448890686035, 12.191693305969238, 16.44544219970703, 20.699190139770508, 24.952938079833984, 29.20668601989746, 33.46043395996094, 37.71418380737305, 41.96792984008789, 46.2216796875], "error_per_bin": [27.32749366760254, 51.21950149536133, 58.97650146484375, 64.13037872314453, 68.37556457519531, 54.46583938598633, 84.88178253173828, 69.18224334716797, NaN, 88.35418701171875]}, "count": {"bins": [0.0, 11.11111111111111, 22.22222222222222, 33.33333333333333, 44.44444444444444, 55.55555555555556, 66.66666666666666, 77.77777777777777, 88.88888888888889, 100.0], "error_per_bin": [27.654521942138672, 27.520395278930664, 27.807729721069336, 27.819116592407227, 25.394710540771484, 22.852577209472656, 23.82151985168457, 25.830347061157227, 30.85747718811035, 46.75819396972656]}}