{"value": {"bins": [3.958786725997925, 7.946786403656006, 11.934785842895508, 15.922785758972168, 19.910785675048828, 23.898784637451172, 27.88678550720215, 31.874784469604492, 35.86278533935547, 39.85078430175781, 43.838783264160156], "error_per_bin": [27.226396560668945, 50.12758255004883, 60.01471710205078, 77.51921844482422, 57.21611785888672, 65.93848419189453, NaN, NaN, NaN, 55.05036926269531]}, "count": {"bins": [0.0, 11.11111111111111, 22.22222222222222, 33.33333333333333, 44.44444444444444, 55.55555555555556, 66.66666666666666, 77.77777777777777, 88.88888888888889, 100.0], "error_per_bin": [24.921754837036133, 25.66298484802246, 25.24932098388672, 24.90721893310547, 24.68064308166504, 25.029367446899414, 25.407806396484375, 27.666547775268555, 33.786834716796875, 47.1215934753418]}}