{"value": {"bins": [81.91363525390625, 86.00355529785156, 90.09346771240234, 94.18338775634766, 98.27330017089844, 102.36322021484375, 106.45314025878906, 110.54305267333984, 114.63297271728516, 118.72288513183594, 122.81280517578125], "error_per_bin": [32.280513763427734, 31.126375198364258, 29.75592803955078, 28.045217514038086, 23.924348831176758, 20.541759490966797, 24.74605941772461, 30.79100227355957, 35.277462005615234, 35.13341522216797]}, "count": {"bins": [0.0, 11.11111111111111, 22.22222222222222, 33.33333333333333, 44.44444444444444, 55.55555555555556, 66.66666666666666, 77.77777777777777, 88.88888888888889, 100.0], "error_per_bin": [32.4597282409668, 32.45183563232422, 32.13288497924805, 29.491901397705078, 29.640872955322266, 29.290184020996094, 27.566438674926758, 22.957332611083984, 20.86268424987793, 28.78950309753418]}}