{"auprc": 0.8221008777618408, "fpr0": 0.0, "fpr10": 0.005200000014156103, "fpr20": 0.012600000016391277, "fpr30": 0.023000000044703484, "fpr40": 0.03240000084042549, "fpr50": 0.04740000143647194, "fpr60": 0.07039999961853027, "fpr70": 0.10499999672174454, "fpr80": 0.15399999916553497, "fpr90": 0.20419999957084656, "auroc": 0.8090428709983826}