{"value": {"bins": [0.3935379683971405, 0.47734564542770386, 0.5611532926559448, 0.6449609398841858, 0.7287685871124268, 0.8125762939453125, 0.8963839411735535, 0.9801915884017944, 1.0639992952346802, 1.1478068828582764, 1.231614589691162], "error_per_bin": [26.456031799316406, 29.78276252746582, 49.52481460571289, 55.69306945800781, 55.59965515136719, 63.678680419921875, 85.88248443603516, 56.98194885253906, 92.10438537597656, 44.21739959716797]}, "count": {"bins": [0.0, 11.11111111111111, 22.22222222222222, 33.33333333333333, 44.44444444444444, 55.55555555555556, 66.66666666666666, 77.77777777777777, 88.88888888888889, 100.0], "error_per_bin": [29.787273406982422, 27.620098114013672, 26.00341796875, 25.49740982055664, 24.80979347229004, 25.8236141204834, 25.740236282348633, 26.513303756713867, 29.855087280273438, 43.993125915527344]}}