{"auprc": 0.9943552017211914, "fpr0": 0.0, "fpr10": 0.0, "fpr20": 0.0, "fpr30": 0.0, "fpr40": 0.0, "fpr50": 0.00019999999494757503, "fpr60": 0.0006000000284984708, "fpr70": 0.002400000113993883, "fpr80": 0.00559999980032444, "fpr90": 0.011599999852478504, "auroc": 0.9944857954978943}