{"auprc": 0.9989742040634155, "fpr0": 0.0, "fpr10": 0.0, "fpr20": 0.0, "fpr30": 0.0, "fpr40": 0.0, "fpr50": 0.0, "fpr60": 0.0, "fpr70": 0.0, "fpr80": 0.00019999999494757503, "fpr90": 0.0012000000569969416, "auroc": 0.9988861083984375}