{"value": {"bins": [0.006822904571890831, 0.13528789579868317, 0.26375287771224976, 0.39221787452697754, 0.5206828713417053, 0.6491478681564331, 0.7776128649711609, 0.9060778021812439, 1.0345427989959717, 1.1630078554153442, 1.2914727926254272], "error_per_bin": [27.585588455200195, 29.88446807861328, 45.23353576660156, 58.97369384765625, 67.76438903808594, 57.845191955566406, 58.32059860229492, 52.651851654052734, 58.1280517578125, 95.54257202148438]}, "count": {"bins": [0.0, 11.11111111111111, 22.22222222222222, 33.33333333333333, 44.44444444444444, 55.55555555555556, 66.66666666666666, 77.77777777777777, 88.88888888888889, 100.0], "error_per_bin": [26.284055709838867, 26.717267990112305, 28.00868034362793, 28.389633178710938, 28.06471824645996, 28.54094886779785, 27.702680587768555, 27.500152587890625, 26.032215118408203, 39.07624053955078]}}