{"value": {"bins": [0.007001774851232767, 0.14289914071559906, 0.278796523809433, 0.4146938920021057, 0.5505912899971008, 0.6864886283874512, 0.8223860263824463, 0.9582833647727966, 1.094180703163147, 1.230078101158142, 1.3659754991531372], "error_per_bin": [26.690996170043945, 32.33667755126953, 48.374916076660156, 46.88902282714844, 51.75080108642578, 53.60981750488281, 77.61653900146484, 45.75617599487305, NaN, 90.45181274414062]}, "count": {"bins": [0.0, 11.11111111111111, 22.22222222222222, 33.33333333333333, 44.44444444444444, 55.55555555555556, 66.66666666666666, 77.77777777777777, 88.88888888888889, 100.0], "error_per_bin": [24.9867000579834, 26.47010612487793, 27.459516525268555, 27.888046264648438, 27.688678741455078, 27.050363540649414, 26.53504753112793, 25.50639533996582, 27.896711349487305, 42.95249938964844]}}