{"auprc": 0.9884525537490845, "fpr0": 0.0, "fpr10": 0.0, "fpr20": 0.0, "fpr30": 0.0, "fpr40": 0.00019999999494757503, "fpr50": 0.0006000000284984708, "fpr60": 0.002400000113993883, "fpr70": 0.005400000140070915, "fpr80": 0.01080000028014183, "fpr90": 0.022600000724196434, "auroc": 0.9886637926101685}