{"auprc": 0.9909442067146301, "fpr0": 0.0, "fpr10": 0.0, "fpr20": 0.0, "fpr30": 0.0, "fpr40": 0.0, "fpr50": 0.00019999999494757503, "fpr60": 0.0017999999690800905, "fpr70": 0.003599999938160181, "fpr80": 0.007199999876320362, "fpr90": 0.01940000057220459, "auroc": 0.9910475015640259}