{"auprc": 0.989274799823761, "fpr0": 0.0, "fpr10": 0.0, "fpr20": 0.0, "fpr30": 0.0, "fpr40": 0.0, "fpr50": 0.00039999998989515007, "fpr60": 0.0012000000569969416, "fpr70": 0.003599999938160181, "fpr80": 0.008200000040233135, "fpr90": 0.021199999377131462, "auroc": 0.9891567826271057}