{"auprc": 0.9992827773094177, "fpr0": 0.0, "fpr10": 0.0, "fpr20": 0.0, "fpr30": 0.0, "fpr40": 0.0, "fpr50": 0.00019999999494757503, "fpr60": 0.00019999999494757503, "fpr70": 0.00019999999494757503, "fpr80": 0.00019999999494757503, "fpr90": 0.0010000000474974513, "auroc": 0.9992899894714355}