{"auprc": 0.997847318649292, "fpr0": 0.0, "fpr10": 0.0, "fpr20": 0.0, "fpr30": 0.00039999998989515007, "fpr40": 0.00039999998989515007, "fpr50": 0.00039999998989515007, "fpr60": 0.0010000000474974513, "fpr70": 0.00139999995008111, "fpr80": 0.0020000000949949026, "fpr90": 0.0034000000450760126, "auroc": 0.9981986284255981}