{"auprc": 0.5754556655883789, "fpr0": 0.0, "fpr10": 0.018200000748038292, "fpr20": 0.05559999868273735, "fpr30": 0.10520000010728836, "fpr40": 0.16060000658035278, "fpr50": 0.21619999408721924, "fpr60": 0.2759999930858612, "fpr70": 0.33399999141693115, "fpr80": 0.38100001215934753, "fpr90": 0.4291999936103821, "auroc": 0.5374647378921509}