{"ece": 0.2957063615322113, "mce": 0.96271151304245, "rmsce": 0.31766828894615173, "bin_accs": [0.0, 0.0, 0.0, 0.08123249560594559, 0.10000000149011612, 0.11254480481147766, 0.09468822181224823, 0.12368972599506378, 0.07279693335294724, 0.09558823704719543, 0.12037037312984467, 0.11320754885673523, 0.07500000298023224, 0.0, 0.0], "bin_confs": [0.0, 0.0, 0.1917441338300705, 0.24907901883125305, 0.30326467752456665, 0.365340918302536, 0.43067723512649536, 0.4952997863292694, 0.5629827380180359, 0.6322053074836731, 0.6979956030845642, 0.7607889771461487, 0.8271908760070801, 0.9000630378723145, 0.96271151304245], "bin_sizes": [0.0, 0.0, 0.00019999999494757503, 0.0714000016450882, 0.25999999046325684, 0.27900001406669617, 0.17319999635219574, 0.09539999812841415, 0.05220000073313713, 0.0272000003606081, 0.02160000056028366, 0.010599999688565731, 0.00800000037997961, 0.0006000000284984708, 0.0006000000284984708]}