{"ece": 0.1272175908088684, "mce": 0.20735710859298706, "rmsce": 0.1334213763475418, "bin_accs": [0.0, 0.0, 0.0, 0.4038461446762085, 0.3147208094596863, 0.2768361568450928, 0.34888437390327454, 0.375, 0.4651162922382355, 0.49409449100494385, 0.5636743307113647, 0.5593607425689697, 0.7025495767593384, 0.7645630836486816, 0.800000011920929], "bin_confs": [0.0, 0.0, 0.17514640092849731, 0.23868586122989655, 0.30403825640678406, 0.368613064289093, 0.43572181463241577, 0.49939143657684326, 0.567424476146698, 0.6324931979179382, 0.6997604966163635, 0.7667178511619568, 0.8338238596916199, 0.8992338180541992, 0.9673377871513367], "bin_sizes": [0.0, 0.0, 0.00019999999494757503, 0.010400000028312206, 0.039400000125169754, 0.07079999893903732, 0.09860000014305115, 0.13279999792575836, 0.11180000007152557, 0.10159999877214432, 0.0957999974489212, 0.08760000020265579, 0.0706000030040741, 0.08240000158548355, 0.09799999743700027]}