{"likelihood": 105.1503625, "mse": 100.02145625, "acc": 0.5166}