{"ece": 0.13804340362548828, "mce": 0.2910058796405792, "rmsce": 0.16564199328422546, "bin_accs": [0.0, 0.0, 0.0, 0.190476194024086, 0.2146596908569336, 0.24810126423835754, 0.3390663266181946, 0.3482142984867096, 0.36666667461395264, 0.3923705816268921, 0.4082125723361969, 0.48991355299949646, 0.6096096038818359, 0.8082191944122314, 0.9421428442001343], "bin_confs": [0.0, 0.0, 0.0, 0.24799200892448425, 0.3068590760231018, 0.36853909492492676, 0.43293118476867676, 0.49930375814437866, 0.5672521591186523, 0.6334644556045532, 0.6992184519767761, 0.7660746574401855, 0.8339945673942566, 0.9041710495948792, 0.974945068359375], "bin_sizes": [0.0, 0.0, 0.0, 0.00839999970048666, 0.03819999843835831, 0.07900000363588333, 0.08139999955892563, 0.06719999760389328, 0.06599999964237213, 0.07339999824762344, 0.0828000009059906, 0.06939999759197235, 0.066600002348423, 0.08760000020265579, 0.2800000011920929]}