{"likelihood": 38.764240625, "mse": 38.65264375, "acc": 0.5764}