{"ece": 0.0509602427482605, "mce": 0.24707114696502686, "rmsce": 0.06545313447713852, "bin_accs": [0.0, 0.0, 0.0, 0.5, 0.4583333432674408, 0.30188679695129395, 0.3720930218696594, 0.4012738764286041, 0.44897958636283875, 0.5116279125213623, 0.5771144032478333, 0.6027397513389587, 0.7552083134651184, 0.877294659614563, 0.9448412656784058], "bin_confs": [0.0, 0.0, 0.0, 0.25292885303497314, 0.3038436472415924, 0.3729414641857147, 0.4337822198867798, 0.502772331237793, 0.564866840839386, 0.6327539682388306, 0.6986937522888184, 0.7678272128105164, 0.8352417349815369, 0.9056793451309204, 0.9714369773864746], "bin_sizes": [0.0, 0.0, 0.0, 0.00039999998989515007, 0.004800000227987766, 0.010599999688565731, 0.01720000058412552, 0.03139999881386757, 0.029400000348687172, 0.03440000116825104, 0.04019999876618385, 0.043800000101327896, 0.07680000364780426, 0.2070000022649765, 0.5040000081062317]}