{"likelihood": 29.64004375, "mse": 29.588446875, "acc": 0.8208}